0,1,2,3,4,5,6,7,8,9,10,11,12,13,14,15,16,17,18,Year
SNo.,District,Cumulative Expenditure (Rs. in Lakhs),Cumulative Expenditure (Rs. in Lakhs),Cumulative Expenditure (Rs. in Lakhs),Cumulative Expenditure (Rs. in Lakhs),Cumulative Expenditure (Rs. in Lakhs),Cumulative Expenditure (Rs. in Lakhs),Cumulative Expenditure (Rs. in Lakhs),Cumulative Expenditure (Rs. in Lakhs),Cumulative Expenditure (Rs. in Lakhs),Employment Provided,Employment Provided,Employment Provided,Average days of employment provided per HH,Average Wage per personday (In Rs.),Works,Works,Cost Per Personday(in Rs.),2016
SNo.,District,On Unskilled Wage,On Unskilled Wage,On Material,On Material,Adm.Exp,Adm.Exp,Total,Total,Total,Household,Persons,Persondays,Average days of employment provided per HH,Average Wage per personday (In Rs.),comp.,In-prog.,Cost Per Personday(in Rs.),2016
SNo.,District,2016-2017,Paid Liability of previous years,2016-2017,Paid Liability of previous years,2016-2017,Paid Liability of previous years,2016-2017,Paid Liability of previous years,Total,Household,Persons,Persondays,Average days of employment provided per HH,Average Wage per personday (In Rs.),comp.,In-prog.,Cost Per Personday(in Rs.),2016
1,ALLURI SITHARAMA RAJU,0,0,0,0,0,0,0,0,0,0,0,0,0,0,0,0,0,2016
2,ANAKAPALLI,0,0,0,0,0,0,0,0,0,0,0,0,0,0,0,0,0,2016
3,ANANTAPUR,23481.23,2159.27,15642.47,55.06,3164.52,0,42288.22,2214.33,44502.56,278974,489229,17318105,62.08,161.81,134357,90797,270.74,2016
4,ANNAMAYYA,0,0,0,0,0,0,0,0,0,0,0,0,0,0,0,0,0,2016
5,BAPATLA,0,0,0,0,0,0,0,0,0,0,0,0,0,0,0,0,0,2016
6,CHITTOOR,19306.15,282.75,9984.97,10.77,3027.83,0,32318.94,293.52,32612.46,238092,377486,13218795,55.52,165.89,145007,55605,264.38,2016
7,EAST GODAVARI,22732.82,901.36,14547.31,23.39,3589.72,0,40869.85,924.75,41794.6,393963,588396,16504722,41.89,156.26,105003,103241,266.3,2016
8,ELURU,0,0,0,0,0,0,0,0,0,0,0,0,0,0,0,0,0,2016
9,GUNTUR,11571.98,304.25,6791.21,19.31,2266.53,0,20629.72,323.56,20953.28,328144,522575,8370995,25.51,148.71,104882,56243,257.07,2016
10,KAKINADA,0,0,0,0,0,0,0,0,0,0,0,0,0,0,0,0,0,2016
11,KONASEEMA,0,0,0,0,0,0,0,0,0,0,0,0,0,0,0,0,0,2016
12,KRISHNA,9578.76,462.08,6535.5,7.43,1616.29,0,17730.56,469.51,18200.08,228690,382340,7699601,33.67,137.44,46948,28590,243.4,2016
13,KURNOOL,19148.1,956.66,13920.41,58.6,2676.72,0,35745.22,1015.26,36760.49,305728,560441,15804854,51.7,143.31,100662,56950,248.47,2016
14,NANDYAL,0,0,0,0,0,0,0,0,0,0,0,0,0,0,0,0,0,2016
15,NELLORE,14984.54,114.36,9004.47,10.87,1916.19,0,25905.2,125.23,26030.43,242265,388241,12974365,53.55,137.56,82841,97653,221.77,2016
16,NTR,0,0,0,0,0,0,0,0,0,0,0,0,0,0,0,0,0,2016
17,PALNADU,0,0,0,0,0,0,0,0,0,0,0,0,0,0,0,0,0,2016
18,PARVATHIPURAM MANYAM,0,0,0,0,0,0,0,0,0,0,0,0,0,0,0,0,0,2016
19,PRAKASAM,24259.38,333.59,21699.68,176.73,2335.57,0,48294.64,510.32,48804.96,392898,661586,20061074,51.06,137,151794,80314,256.97,2016
20,SRI SATHYA SAI,0,0,0,0,0,0,0,0,0,0,0,0,0,0,0,0,0,2016
21,SRIKAKULAM,20987.17,445.51,12053.65,92.51,2311.45,0,35352.27,538.02,35890.29,364746,576092,20234635,55.48,130.09,69476,61041,201.01,2016
22,TIRUPATI,0,0,0,0,0,0,0,0,0,0,0,0,0,0,0,0,0,2016
23,VISAKHAPATANAM,29286.85,324.41,14688.38,57.8,2972.25,0,46947.48,382.2,47329.69,328278,582788,22436818,68.35,150.16,104934,88429,228.95,2016
24,VIZIANAGARAM,26423.38,398.09,16211.24,32.7,2460.11,0,45094.74,430.79,45525.53,361601,611636,24246167,67.05,128.85,137061,51024,205.92,2016
25,WEST GODAVARI,16693.91,515.3,10511.78,41.87,1779.14,0,28984.83,557.18,29542,310445,496008,13840542,44.58,146.34,62457,58952,235.26,2016
26,Y.S.R,17371.74,112.57,8174.63,14.93,2319.38,0,27865.75,127.5,27993.25,215951,345036,12730486,58.95,153.88,90786,61638,236.53,2016
,Total,255826.01,7310.2,159765.7,601.97,32435.7,0,448027.42,7912.17,455939.62,3989775,6581854,205441159,51.49,144.98,1336208,890477,238.65,2016
SNo.,District,Cumulative Expenditure (Rs. in Lakhs),Cumulative Expenditure (Rs. in Lakhs),Cumulative Expenditure (Rs. in Lakhs),Cumulative Expenditure (Rs. in Lakhs),Cumulative Expenditure (Rs. in Lakhs),Cumulative Expenditure (Rs. in Lakhs),Cumulative Expenditure (Rs. in Lakhs),Cumulative Expenditure (Rs. in Lakhs),Cumulative Expenditure (Rs. in Lakhs),Employment Provided,Employment Provided,Employment Provided,Average days of employment provided per HH,Average Wage per personday (In Rs.),Works,Works,Cost Per Personday(in Rs.),2017
SNo.,District,On Unskilled Wage,On Unskilled Wage,On Material,On Material,Adm.Exp,Adm.Exp,Total,Total,Total,Household,Persons,Persondays,Average days of employment provided per HH,Average Wage per personday (In Rs.),comp.,In-prog.,Cost Per Personday(in Rs.),2017
SNo.,District,2017-2018,Paid Liability of previous years,2017-2018,Paid Liability of previous years,2017-2018,Paid Liability of previous years,2017-2018,Paid Liability of previous years,Total,Household,Persons,Persondays,Average days of employment provided per HH,Average Wage per personday (In Rs.),comp.,In-prog.,Cost Per Personday(in Rs.),2017
1,ALLURI SITHARAMA RAJU,0,0,0,0,0,0,0,0,0,0,0,0,0,0,0,0,0,2017
2,ANAKAPALLI,0,0,0,0,0,0,0,0,0,0,0,0,0,0,0,0,0,2017
3,ANANTAPUR,29228.3,4552.55,17124.34,5694.94,3365.91,0,49718.55,10247.49,59966.04,292512,510105,17631563,60.28,172.34,84132,71646,289.09,2017
4,ANNAMAYYA,0,0,0,0,0,0,0,0,0,0,0,0,0,0,0,0,0,2017
5,BAPATLA,0,0,0,0,0,0,0,0,0,0,0,0,0,0,0,0,0,2017
6,CHITTOOR,24248.63,2535.86,18332.7,5215.64,2780.52,0,45361.85,7751.5,53113.35,276640,448729,14944589,54.02,173.03,83500,97098,314.68,2017
7,EAST GODAVARI,31485.4,3078.58,19411.55,5270.1,3125.84,0,54022.8,8348.68,62371.48,391400,577933,18802676,48.04,173.28,127285,90068,294.01,2017
8,ELURU,0,0,0,0,0,0,0,0,0,0,0,0,0,0,0,0,0,2017
9,GUNTUR,15154.44,880.5,10490.56,7259.44,2001.58,0,27646.58,8139.94,35786.52,301633,509276,10685618,35.43,149.7,71872,65058,267.67,2017
10,KAKINADA,0,0,0,0,0,0,0,0,0,0,0,0,0,0,0,0,0,2017
11,KONASEEMA,0,0,0,0,0,0,0,0,0,0,0,0,0,0,0,0,0,2017
12,KRISHNA,11353.73,1030.1,8210.1,2514.42,1840.43,0,21404.26,3544.51,24948.77,234412,386594,8408254,35.87,141.82,31024,60043,262.4,2017
13,KURNOOL,17331.67,3373.23,8962.34,3959.32,2937.3,0,29231.31,7332.55,36563.86,285866,504165,13084048,45.77,141.28,50829,73576,233.19,2017
14,NANDYAL,0,0,0,0,0,0,0,0,0,0,0,0,0,0,0,0,0,2017
15,NELLORE,16662.24,2834.19,7058.09,5147.93,1884.05,0,25604.38,7982.12,33586.5,230570,361354,11827809,51.3,150.02,65609,87999,226.43,2017
16,NTR,0,0,0,0,0,0,0,0,0,0,0,0,0,0,0,0,0,2017
17,PALNADU,0,0,0,0,0,0,0,0,0,0,0,0,0,0,0,0,0,2017
18,PARVATHIPURAM MANYAM,0,0,0,0,0,0,0,0,0,0,0,0,0,0,0,0,0,2017
19,PRAKASAM,32000.34,3191.85,18215.6,5994.19,2958.55,0,53174.5,9186.03,62360.53,404001,672809,23509724,58.19,142.93,70858,82517,234.12,2017
20,SRI SATHYA SAI,0,0,0,0,0,0,0,0,0,0,0,0,0,0,0,0,0,2017
21,SRIKAKULAM,29143.43,5433.48,16128.26,4927.61,2608.8,0,47880.5,10361.09,58241.59,368504,572623,22014784,59.74,137.74,60248,53804,223.19,2017
22,TIRUPATI,0,0,0,0,0,0,0,0,0,0,0,0,0,0,0,0,0,2017
23,VISAKHAPATANAM,32706.66,4412.95,18629.63,13762.42,2295.6,0,53631.89,18175.37,71807.26,329114,560971,21533071,65.43,158.54,31675,139147,256.26,2017
24,VIZIANAGARAM,31081.56,4818.4,14525.37,5038.78,2057.89,0,47664.82,9857.18,57521.99,358265,591731,24131517,67.36,133.42,49743,82018,202.58,2017
25,WEST GODAVARI,20115.26,3602.85,10767.79,9507.38,1683.62,0,32566.67,13110.23,45676.9,316300,494494,13974232,44.18,153.07,34178,90702,242.56,2017
26,Y.S.R,17918.96,2187.26,9662.73,5945.32,2555.99,0,30137.67,8132.58,38270.25,203593,319108,11419491,56.09,163.1,49430,77407,271.68,2017
,Total,308430.62,41931.8,177519.06,80237.49,32096.08,0,518045.78,122169.27,640215.04,3992810,6509892,211967376,53.09,152.5,810383,1071083,252.11,2017
SNo.,District,Cumulative Expenditure (Rs. in Lakhs),Cumulative Expenditure (Rs. in Lakhs),Cumulative Expenditure (Rs. in Lakhs),Cumulative Expenditure (Rs. in Lakhs),Cumulative Expenditure (Rs. in Lakhs),Cumulative Expenditure (Rs. in Lakhs),Cumulative Expenditure (Rs. in Lakhs),Cumulative Expenditure (Rs. in Lakhs),Cumulative Expenditure (Rs. in Lakhs),Employment Provided,Employment Provided,Employment Provided,Average days of employment provided per HH,Average Wage per personday (In Rs.),Works,Works,Cost Per Personday(in Rs.),2018
SNo.,District,On Unskilled Wage,On Unskilled Wage,On Material,On Material,Adm.Exp,Adm.Exp,Total,Total,Total,Household,Persons,Persondays,Average days of employment provided per HH,Average Wage per personday (In Rs.),comp.,In-prog.,Cost Per Personday(in Rs.),2018
SNo.,District,2018-2019,Paid Liability of previous years,2018-2019,Paid Liability of previous years,2018-2019,Paid Liability of previous years,2018-2019,Paid Liability of previous years,Total,Household,Persons,Persondays,Average days of employment provided per HH,Average Wage per personday (In Rs.),comp.,In-prog.,Cost Per Personday(in Rs.),2018
1,ALLURI SITHARAMA RAJU,0,0,0,0,0,0,0,0,0,0,0,0,0,0,0,0,0,2018
2,ANAKAPALLI,0,0,0,0,0,0,0,0,0,0,0,0,0,0,0,0,0,2018
3,ANANTAPUR,44356.13,1130.46,16838.63,2118.72,3213.9,265.93,64408.67,3515.11,67923.78,309093,542876,22272815,72.06,203.66,87300,64576,296.17,2018
4,ANNAMAYYA,0,0,0,0,0,0,0,0,0,0,0,0,0,0,0,0,0,2018
5,BAPATLA,0,0,0,0,0,0,0,0,0,0,0,0,0,0,0,0,0,2018
6,CHITTOOR,34858.71,1514.78,18316.24,837.04,2718.93,281.42,55893.88,2633.25,58527.13,279240,453979,17464333,62.54,203.14,85506,104525,325.89,2018
7,EAST GODAVARI,41436.07,1057.43,25723.73,10153.33,3100.89,232.11,70260.7,11442.87,81703.57,416822,617476,20800688,49.9,204.93,94504,99265,344.8,2018
8,ELURU,0,0,0,0,0,0,0,0,0,0,0,0,0,0,0,0,0,2018
9,GUNTUR,19686.77,780.38,18274.79,9253.53,2039.24,193.04,40000.8,10226.96,50227.76,295101,492866,10136623,34.35,199.43,62533,80787,424.75,2018
10,KAKINADA,0,0,0,0,0,0,0,0,0,0,0,0,0,0,0,0,0,2018
11,KONASEEMA,0,0,0,0,0,0,0,0,0,0,0,0,0,0,0,0,0,2018
12,KRISHNA,18159.77,532.47,17232.35,7298.21,1741.33,171.15,37133.45,8001.84,45135.29,246011,409513,9246014,37.58,200.74,59225,75149,412.51,2018
13,KURNOOL,33441.72,1075.89,17768.55,6609.19,2868.69,254.85,54078.96,7939.93,62018.89,326767,582267,17490139,53.52,196.07,77942,79211,316.03,2018
14,NANDYAL,0,0,0,0,0,0,0,0,0,0,0,0,0,0,0,0,0,2018
15,NELLORE,27541.35,1057.06,12206.07,5500.23,2087.28,168.66,41834.7,6725.96,48560.65,246030,383426,14504855,58.96,198.13,104366,56770,297.99,2018
16,NTR,0,0,0,0,0,0,0,0,0,0,0,0,0,0,0,0,0,2018
17,PALNADU,0,0,0,0,0,0,0,0,0,0,0,0,0,0,0,0,0,2018
18,PARVATHIPURAM MANYAM,0,0,0,0,0,0,0,0,0,0,0,0,0,0,0,0,0,2018
19,PRAKASAM,56634.31,1607.9,32000.81,5853.33,3067.46,264.68,91702.58,7725.91,99428.5,434135,720788,30003008,69.11,196.57,89143,70280,316.93,2018
20,SRI SATHYA SAI,0,0,0,0,0,0,0,0,0,0,0,0,0,0,0,0,0,2018
21,SRIKAKULAM,45740.56,1256.33,14099.73,2730.72,3248.01,278.58,63088.31,4265.64,67353.94,395580,618996,24821820,62.75,192.66,53052,70579,263.78,2018
22,TIRUPATI,0,0,0,0,0,0,0,0,0,0,0,0,0,0,0,0,0,2018
23,VISAKHAPATANAM,41682.09,1351.34,20067.13,2967.17,2457.57,290.63,64206.79,4609.14,68815.93,337485,569948,22067127,65.39,196.45,98098,118702,300.54,2018
24,VIZIANAGARAM,48242.84,1048.83,11028.14,5620.43,2456.08,282.07,61727.06,6951.34,68678.39,372796,616837,26140237,70.12,194.34,82285,63892,247.47,2018
25,WEST GODAVARI,28387.97,1225.42,17235.75,8360.72,1934.06,390.23,47557.78,9976.38,57534.16,332494,522977,14765215,44.41,198.77,88613,80297,332.17,2018
26,Y.S.R,33719.89,712.89,13899.52,2298.07,2703.76,195.16,50323.16,3206.12,53529.29,235267,377593,16795384,71.39,205.8,96181,63082,306.52,2018
,Total,473888.18,14351.18,234691.44,69600.69,33637.2,3268.51,742216.84,87220.45,829437.28,4226821,6909542,246508258,58.32,198.83,1078748,1027115,310.9,2018
SNo.,District,Cumulative Expenditure (Rs. in Lakhs),Cumulative Expenditure (Rs. in Lakhs),Cumulative Expenditure (Rs. in Lakhs),Cumulative Expenditure (Rs. in Lakhs),Cumulative Expenditure (Rs. in Lakhs),Cumulative Expenditure (Rs. in Lakhs),Cumulative Expenditure (Rs. in Lakhs),Cumulative Expenditure (Rs. in Lakhs),Cumulative Expenditure (Rs. in Lakhs),Employment Provided,Employment Provided,Employment Provided,Average days of employment provided per HH,Average Wage per personday (In Rs.),Works,Works,Cost Per Personday(in Rs.),2019
SNo.,District,On Unskilled Wage,On Unskilled Wage,On Material,On Material,Adm.Exp,Adm.Exp,Total,Total,Total,Household,Persons,Persondays,Average days of employment provided per HH,Average Wage per personday (In Rs.),comp.,In-prog.,Cost Per Personday(in Rs.),2019
SNo.,District,2019-2020,Paid Liability of previous years,2019-2020,Paid Liability of previous years,2019-2020,Paid Liability of previous years,2019-2020,Paid Liability of previous years,Total,Household,Persons,Persondays,Average days of employment provided per HH,Average Wage per personday (In Rs.),comp.,In-prog.,Cost Per Personday(in Rs.),2019
1,ALLURI SITHARAMA RAJU,0,0,0,0,0,0,0,0,0,0,0,0,0,0,0,0,0,2019
2,ANAKAPALLI,0,0,0,0,0,0,0,0,0,0,0,0,0,0,0,0,0,2019
3,ANANTAPUR,39041.69,1015.01,2434.28,1684.57,3097.49,389.54,44573.46,3089.12,47662.58,320550,559077,18789622,58.62,208.73,21153,71610,240.36,2019
4,ANNAMAYYA,0,0,0,0,0,0,0,0,0,0,0,0,0,0,0,0,0,2019
5,BAPATLA,0,0,0,0,0,0,0,0,0,0,0,0,0,0,0,0,0,2019
6,CHITTOOR,24786.61,633.12,2902.81,2120.58,2647.34,304.03,30336.76,3057.73,33394.49,235441,365548,11996793,50.95,207.31,34277,95949,256.87,2019
7,EAST GODAVARI,39626.61,1195.47,6993.49,3095.89,3078.24,358.59,49698.33,4649.95,54348.28,399713,585542,19132358,47.87,208.03,50864,93555,262.94,2019
8,ELURU,0,0,0,0,0,0,0,0,0,0,0,0,0,0,0,0,0,2019
9,GUNTUR,17116.2,541.86,6698.47,1051.92,2178.7,305,25993.37,1898.78,27892.14,285372,474861,8587042,30.09,200.35,35641,82445,308.18,2019
10,KAKINADA,0,0,0,0,0,0,0,0,0,0,0,0,0,0,0,0,0,2019
11,KONASEEMA,0,0,0,0,0,0,0,0,0,0,0,0,0,0,0,0,0,2019
12,KRISHNA,14758.86,395.26,6413.96,1585.14,1786.69,299.99,22959.51,2280.39,25239.9,226434,370809,7372251,32.56,201.27,38745,70254,316.75,2019
13,KURNOOL,25273.66,863.6,2302.94,1154.17,3040.01,318.3,30616.62,2336.07,32952.69,316658,549244,12763758,40.31,199.17,33554,77190,243.7,2019
14,NANDYAL,0,0,0,0,0,0,0,0,0,0,0,0,0,0,0,0,0,2019
15,NELLORE,15508.01,1225.01,5519.43,803.05,2047.03,264.57,23074.46,2292.63,25367.09,211354,318602,7744318,36.64,200.88,14498,56451,302.06,2019
16,NTR,0,0,0,0,0,0,0,0,0,0,0,0,0,0,0,0,0,2019
17,PALNADU,0,0,0,0,0,0,0,0,0,0,0,0,0,0,0,0,0,2019
18,PARVATHIPURAM MANYAM,0,0,0,0,0,0,0,0,0,0,0,0,0,0,0,0,0,2019
19,PRAKASAM,38477.65,2397.53,2670.82,1963.86,2952.15,350.12,44100.63,4711.51,48812.14,422306,695279,19510266,46.2,197.81,25084,63364,229.14,2019
20,SRI SATHYA SAI,0,0,0,0,0,0,0,0,0,0,0,0,0,0,0,0,0,2019
21,SRIKAKULAM,46236.86,2214.4,2128.08,5368.16,2840.95,607.52,51205.89,8190.07,59395.96,396846,611845,23556135,59.36,196.12,27888,76395,219.94,2019
22,TIRUPATI,0,0,0,0,0,0,0,0,0,0,0,0,0,0,0,0,0,2019
23,VISAKHAPATANAM,40403.48,1630.25,5211.67,7522.58,2691.53,341.51,48306.68,9494.33,57801.02,326624,544551,20314946,62.2,200.88,37064,120800,242.25,2019
24,VIZIANAGARAM,53697.81,2620.51,2338.11,3874.72,2716.17,320.58,58752.1,6815.8,65567.9,367423,600660,25805713,70.23,208.4,18075,62736,229.34,2019
25,WEST GODAVARI,24749.22,942.5,8811.68,1739.9,1941.12,297.03,35502.02,2979.43,38481.46,309557,483518,12483086,40.33,199.56,44945,74086,291.26,2019
26,Y.S.R,25337.04,833.7,2641.72,4150.76,2847.81,380.82,30826.56,5365.29,36191.85,218195,340563,12116687,55.53,210.1,23055,65331,259.02,2019
,Total,405013.7,16508.22,57067.46,36115.3,33865.23,4537.6,495946.39,57161.1,553107.5,4036473,6500099,200172975,49.59,203.16,404843,1010166,251.41,2019
SNo.,District,Cumulative Expenditure (Rs. in Lakhs),Cumulative Expenditure (Rs. in Lakhs),Cumulative Expenditure (Rs. in Lakhs),Cumulative Expenditure (Rs. in Lakhs),Cumulative Expenditure (Rs. in Lakhs),Cumulative Expenditure (Rs. in Lakhs),Cumulative Expenditure (Rs. in Lakhs),Cumulative Expenditure (Rs. in Lakhs),Cumulative Expenditure (Rs. in Lakhs),Employment Provided,Employment Provided,Employment Provided,Average days of employment provided per HH,Average Wage per personday (In Rs.),Works,Works,Cost Per Personday(in Rs.),2020
SNo.,District,On Unskilled Wage,On Unskilled Wage,On Material,On Material,Adm.Exp,Adm.Exp,Total,Total,Total,Household,Persons,Persondays,Average days of employment provided per HH,Average Wage per personday (In Rs.),comp.,In-prog.,Cost Per Personday(in Rs.),2020
SNo.,District,2020-2021,Paid Liability of previous years,2020-2021,Paid Liability of previous years,2020-2021,Paid Liability of previous years,2020-2021,Paid Liability of previous years,Total,Household,Persons,Persondays,Average days of employment provided per HH,Average Wage per personday (In Rs.),comp.,In-prog.,Cost Per Personday(in Rs.),2020
1,ALLURI SITHARAMA RAJU,0,0,0,0,0,0,0,0,0,0,0,0,0,0,0,0,0,2020
2,ANAKAPALLI,0,0,0,0,0,0,0,0,0,0,0,0,0,0,0,0,0,2020
3,ANANTAPUR,64843.26,219.77,20452.55,13570.42,2971.23,274.29,88267.04,14064.49,102331.53,422275,765344,27996394,66.3,231.41,38333,72603,333.51,2020
4,ANNAMAYYA,0,0,0,0,0,0,0,0,0,0,0,0,0,0,0,0,0,2020
5,BAPATLA,0,0,0,0,0,0,0,0,0,0,0,0,0,0,0,0,0,2020
6,CHITTOOR,45848.42,154.75,24959.35,13804.52,2747.73,300.56,73555.49,14259.83,87815.32,323529,527868,19540283,60.4,233.81,57357,91214,392.4,2020
7,EAST GODAVARI,49903.11,224.22,35102.38,12986.92,3063.05,306.73,88068.53,13517.87,101586.4,427632,635436,21442961,50.14,233.04,67717,58780,420.79,2020
8,ELURU,0,0,0,0,0,0,0,0,0,0,0,0,0,0,0,0,0,2020
9,GUNTUR,23985.78,149.25,16304.89,8553.3,1822.92,191.67,42113.6,8894.23,51007.82,339241,579208,10732049,31.64,222.53,61634,54375,415.29,2020
10,KAKINADA,0,0,0,0,0,0,0,0,0,0,0,0,0,0,0,0,0,2020
11,KONASEEMA,0,0,0,0,0,0,0,0,0,0,0,0,0,0,0,0,0,2020
12,KRISHNA,28179.12,138.81,16551.39,8646.84,1826.74,195.7,46557.24,8981.34,55538.59,299413,509419,12468311,41.64,225.77,48514,57921,388.1,2020
13,KURNOOL,32659.41,201.23,16192.87,10947.07,2606.78,207.67,51459.05,11355.97,62815.02,366923,655046,14754861,40.21,220.23,48945,56626,357.84,2020
14,NANDYAL,0,0,0,0,0,0,0,0,0,0,0,0,0,0,0,0,0,2020
15,NELLORE,23788.24,96.88,20367.43,12960.63,1786.22,165.02,45941.89,13222.53,59164.42,259193,412067,10737705,41.43,221.38,31660,43016,443.89,2020
16,NTR,0,0,0,0,0,0,0,0,0,0,0,0,0,0,0,0,0,2020
17,PALNADU,0,0,0,0,0,0,0,0,0,0,0,0,0,0,0,0,0,2020
18,PARVATHIPURAM MANYAM,0,0,0,0,0,0,0,0,0,0,0,0,0,0,0,0,0,2020
19,PRAKASAM,60128.64,193.21,32837.22,22489.75,2396.17,273.17,95362.04,22956.13,118318.17,484510,832738,26806826,55.33,223.53,39254,43266,377.1,2020
20,SRI SATHYA SAI,0,0,0,0,0,0,0,0,0,0,0,0,0,0,0,0,0,2020
21,SRIKAKULAM,59366.96,100.37,22959.33,13998.24,3140.26,340.26,85466.56,14438.87,99905.43,436672,706609,26840719,61.47,220.85,34010,60431,331.33,2020
22,TIRUPATI,0,0,0,0,0,0,0,0,0,0,0,0,0,0,0,0,0,2020
23,VISAKHAPATANAM,61274.06,471.24,21924.06,10630.86,2488.07,321.18,85686.19,11423.28,97109.47,384628,649550,26221679,68.17,233.33,64123,75944,331.39,2020
24,VIZIANAGARAM,73079.12,106.37,16909.75,14415.12,2584.35,258.56,92573.21,14780.05,107353.26,410000,716160,30693802,74.86,238.13,34130,47212,310.72,2020
25,WEST GODAVARI,34544.17,256.41,29111.11,11350.45,1621.06,163.39,65276.34,11770.25,77046.59,342734,549155,15463552,45.12,221.44,48636,51809,415.76,2020
26,Y.S.R,35087.99,144.42,18389.43,16684.35,2489.7,260.89,55967.12,17089.67,73056.78,255741,413871,14884967,58.2,235.43,34779,53422,393.12,2020
,Total,592688.28,2456.93,292061.76,171038.47,31544.28,3259.09,916294.3,176754.51,1093048.8,4752491,7952471,258584109,54.41,228.74,609092,766619,366.92,2020
SNo.,District,Cumulative Expenditure (Rs. in Lakhs),Cumulative Expenditure (Rs. in Lakhs),Cumulative Expenditure (Rs. in Lakhs),Cumulative Expenditure (Rs. in Lakhs),Cumulative Expenditure (Rs. in Lakhs),Cumulative Expenditure (Rs. in Lakhs),Cumulative Expenditure (Rs. in Lakhs),Cumulative Expenditure (Rs. in Lakhs),Cumulative Expenditure (Rs. in Lakhs),Employment Provided,Employment Provided,Employment Provided,Average days of employment provided per HH,Average Wage per personday (In Rs.),Works,Works,Cost Per Personday(in Rs.),2021
SNo.,District,On Unskilled Wage,On Unskilled Wage,On Material,On Material,Adm.Exp,Adm.Exp,Total,Total,Total,Household,Persons,Persondays,Average days of employment provided per HH,Average Wage per personday (In Rs.),comp.,In-prog.,Cost Per Personday(in Rs.),2021
SNo.,District,2021-2022,Paid Liability of previous years,2021-2022,Paid Liability of previous years,2021-2022,Paid Liability of previous years,2021-2022,Paid Liability of previous years,Total,Household,Persons,Persondays,Average days of employment provided per HH,Average Wage per personday (In Rs.),comp.,In-prog.,Cost Per Personday(in Rs.),2021
1,ALLURI SITHARAMA RAJU,0,0,0,0,0,0,0,0,0,0,0,0,0,0,0,0,0,2021
2,ANAKAPALLI,0,0,0,0,0,0,0,0,0,0,0,0,0,0,0,0,0,2021
3,ANANTAPUR,57461.95,145.64,5983.56,15870.15,1909.13,405.19,65354.65,16420.98,81775.63,407198,726112,25534707,62.71,225.37,23806,84065,303.18,2021
4,ANNAMAYYA,0,0,0,0,0,0,0,0,0,0,0,0,0,0,0,0,0,2021
5,BAPATLA,0,0,0,0,0,0,0,0,0,0,0,0,0,0,0,0,0,2021
6,CHITTOOR,39051.24,41.19,12307.96,14423.44,1402.68,406.59,52761.89,14871.21,67633.1,313104,503284,16969866,54.2,231.51,23528,129713,378.76,2021
7,EAST GODAVARI,43527.73,82.25,15006.93,12763.69,1301.12,418.39,59835.78,13264.33,73100.11,415189,612335,19580495,47.16,226.82,30859,60129,367.75,2021
8,ELURU,0,0,0,0,0,0,0,0,0,0,0,0,0,0,0,0,0,2021
9,GUNTUR,30083.44,25.81,8743.76,22806.16,911.32,325.55,39738.52,23157.51,62896.04,344954,594978,14190364,41.14,213.9,30621,48732,437.42,2021
10,KAKINADA,0,0,0,0,0,0,0,0,0,0,0,0,0,0,0,0,0,2021
11,KONASEEMA,0,0,0,0,0,0,0,0,0,0,0,0,0,0,0,0,0,2021
12,KRISHNA,34337.07,32.73,8189.61,13843.94,878.02,331.27,43404.69,14207.94,57612.64,323058,557377,15686705,48.56,223.76,29184,65540,374.37,2021
13,KURNOOL,31279.17,31.24,8310.13,13440.08,1364.35,315.97,40953.65,13787.29,54740.95,345157,606032,15228903,44.12,207.88,25234,55467,344.19,2021
14,NANDYAL,0,0,0,0,0,0,0,0,0,0,0,0,0,0,0,0,0,2021
15,NELLORE,26906.8,26.25,7698.58,7362.47,881.6,386.11,35486.98,7774.84,43261.82,263898,418630,12887274,48.83,211.18,22862,43383,335.87,2021
16,NTR,0,0,0,0,0,0,0,0,0,0,0,0,0,0,0,0,0,2021
17,PALNADU,0,0,0,0,0,0,0,0,0,0,0,0,0,0,0,0,0,2021
18,PARVATHIPURAM MANYAM,0,0,0,0,0,0,0,0,0,0,0,0,0,0,0,0,0,2021
19,PRAKASAM,45137.6,54.67,10127.33,19262.89,1292.59,384.78,56557.53,19702.35,76259.88,465062,793584,22242812,47.83,204.75,21232,47252,338.04,2021
20,SRI SATHYA SAI,0,0,0,0,0,0,0,0,0,0,0,0,0,0,0,0,0,2021
21,SRIKAKULAM,42785.58,68.41,6649.2,12292.82,1359,347.37,50793.78,12708.6,63502.38,426409,670398,21809107,51.15,197.26,16003,60946,278.24,2021
22,TIRUPATI,0,0,0,0,0,0,0,0,0,0,0,0,0,0,0,0,0,2021
23,VISAKHAPATANAM,45202.27,34.76,3554.59,13232.61,1087.01,235.51,49843.87,13502.88,63346.75,366750,603766,20834382,56.81,219.25,39090,57379,295.85,2021
24,VIZIANAGARAM,52898.94,49.77,2835.46,11162.75,1183.16,183.73,56917.56,11396.24,68313.8,414115,705322,25523030,61.63,208.63,16992,63860,249.76,2021
25,WEST GODAVARI,36441.45,65.38,10664.64,11507.21,723.78,303.84,47829.86,11876.43,59706.29,341273,548986,17084761,50.06,215.49,24623,55152,343.42,2021
26,Y.S.R,32065.63,23.55,8350.55,14268.03,1377.07,361.03,41793.26,14652.6,56445.86,247875,396341,13906126,56.1,231.04,21873,55776,387.84,2021
,Total,517178.87,681.65,108422.3,182236.24,15670.83,4405.33,641272.02,187323.2,828595.25,4674042,7737145,241478532,51.66,216.17,325907,827394,332.97,2021
SNo.,District,Cumulative Expenditure (Rs. in Lakhs),Cumulative Expenditure (Rs. in Lakhs),Cumulative Expenditure (Rs. in Lakhs),Cumulative Expenditure (Rs. in Lakhs),Cumulative Expenditure (Rs. in Lakhs),Cumulative Expenditure (Rs. in Lakhs),Cumulative Expenditure (Rs. in Lakhs),Cumulative Expenditure (Rs. in Lakhs),Cumulative Expenditure (Rs. in Lakhs),Employment Provided,Employment Provided,Employment Provided,Average days of employment provided per HH,Average Wage per personday (In Rs.),Works,Works,Cost Per Personday(in Rs.),2022
SNo.,District,On Unskilled Wage,On Unskilled Wage,On Material,On Material,Adm.Exp,Adm.Exp,Total,Total,Total,Household,Persons,Persondays,Average days of employment provided per HH,Average Wage per personday (In Rs.),comp.,In-prog.,Cost Per Personday(in Rs.),2022
SNo.,District,2022-2023,Paid Liability of previous years,2022-2023,Paid Liability of previous years,2022-2023,Paid Liability of previous years,2022-2023,Paid Liability of previous years,Total,Household,Persons,Persondays,Average days of employment provided per HH,Average Wage per personday (In Rs.),comp.,In-prog.,Cost Per Personday(in Rs.),2022
1,ALLURI SITHARAMA RAJU,27484.25,536.1,2407.39,17679.06,1371.92,63.78,31263.56,18278.94,49542.5,196247,362306,11833830,60.3,232.64,15216,52421,349.08,2022
2,ANAKAPALLI,21694.49,79.61,3307.25,9738.65,1107.81,28.82,26109.55,9847.08,35956.63,200051,301292,11037033,55.17,196.77,6733,23075,275.24,2022
3,ANANTAPUR,23219.16,93.89,1345.04,19234.14,2660.95,306.84,27225.15,19634.87,46860.02,201182,362968,10830751,53.84,214.79,20240,48316,328.9,2022
4,ANNAMAYYA,19222.96,71.47,1584.65,10548.88,1302.22,48.04,22109.82,10668.39,32778.22,148970,231734,8333001,55.94,230.81,21881,56798,306.25,2022
5,BAPATLA,14769.58,64.58,862.54,6279.76,924.58,47.73,16556.69,6392.07,22948.77,168385,294942,7284460,43.26,203.1,14172,31046,243.2,2022
6,CHITTOOR,19093.19,116.15,3385.52,11084.23,1815.57,154.01,24294.29,11354.39,35648.68,146742,241165,7849406,53.49,243.36,24862,76711,354.07,2022
7,EAST GODAVARI,12232.25,145.02,1358.64,7992.49,961.26,136.09,14552.15,8273.6,22825.75,102071,145701,5782415,56.65,211.97,6296,25224,264.82,2022
8,ELURU,29634.11,416.05,1487.87,8706.32,1186.03,84.41,32308.01,9206.78,41514.8,271464,463265,14224083,52.4,209.23,15251,47710,235.81,2022
9,GUNTUR,6401.47,31.58,925.92,2942.52,844.3,65.06,8171.7,3039.16,11210.85,71089,120422,3012418,42.38,212.82,10684,18876,279.11,2022
10,KAKINADA,15010.25,211.62,2612.5,7343.38,998.6,23.99,18621.35,7578.99,26200.34,157729,231005,6591617,41.79,228.04,9073,26855,322.21,2022
11,KONASEEMA,13286.88,100.26,2095.5,6370.43,852.14,47.21,16234.52,6517.9,22752.42,124754,180489,5446972,43.66,244.12,11793,20273,322.42,2022
12,KRISHNA,16248.06,223.81,1740.98,7051.32,1147.54,192.34,19136.58,7467.48,26604.05,147412,261050,6973647,47.31,233.21,15705,48340,295.11,2022
13,KURNOOL,20690.4,200,1803.09,8112.63,2091.62,235.1,24585.11,8547.73,33132.84,192921,349799,9156405,47.46,226.31,13837,34902,303.69,2022
14,NANDYAL,14742.74,167.32,1246.88,10756.16,1526.33,58.16,17515.95,10981.65,28497.6,163580,285366,7042330,43.05,209.58,11387,34028,297.1,2022
15,NELLORE,22878.58,254.13,1751.89,16371.49,1839.03,290.65,26469.5,16916.27,43385.78,207929,321060,11314677,54.42,202.63,14029,37805,249.2,2022
16,NTR,15682.77,297.59,1507.63,5071.73,625.4,36.51,17815.81,5405.84,23221.64,141158,245738,7245460,51.33,216.89,15340,25242,251.48,2022
17,PALNADU,14828.37,153.13,1120.86,10781.62,987.14,60.71,16936.37,10995.46,27931.83,191518,336122,7822952,40.85,190.15,17863,19286,223.2,2022
18,PARVATHIPURAM MANYAM,21410.69,251.18,1049.11,9652.55,1113.57,23,23573.37,9926.72,33500.1,173161,305267,10722339,61.92,199.86,15933,36134,264.47,2022
19,PRAKASAM,32285.77,220.99,1715.39,22424.74,2666.04,229,36667.2,22874.74,59541.94,323070,572703,16617627,51.44,194.49,18798,33189,254.09,2022
20,SRI SATHYA SAI,17001.64,85.74,1184.94,12265.2,1715.64,73.77,19902.22,12424.71,32326.93,151049,268332,7952611,52.65,213.62,12070,37418,324.56,2022
21,SRIKAKULAM,37970.63,150.15,2000.27,15579.27,2599.21,171.63,42570.11,15901.05,58471.16,331163,497901,20087465,60.66,189.17,19875,60206,252.37,2022
22,TIRUPATI,21330.42,124.47,1824.54,9523.4,1449.46,47.01,24604.41,9694.88,34299.29,178848,281624,10062698,56.26,211.55,19291,39224,259.7,2022
23,VISAKHAPATANAM,3198.32,6.17,174.57,1793.25,655.41,131.7,4028.3,1931.12,5959.43,27282,39652,1566494,57.42,204.33,662,4022,310.74,2022
24,VIZIANAGARAM,40554.38,101.37,1374.39,10086.96,2255.36,120.28,44184.13,10308.61,54492.73,311719,499040,19534490,62.67,207.86,12196,51972,251.88,2022
25,WEST GODAVARI,9073.61,54.11,1555.3,7510.11,712.46,66.91,11341.36,7631.13,18972.5,107323,164365,3960604,36.9,229.78,13392,31568,303.4,2022
26,Y.S.R,15931.78,50.52,3109.66,8889.12,2392,154.32,21433.45,9093.96,30527.41,145943,235733,7250015,49.68,219.92,18019,43761,322.29,2022
,Total,505876.75,4207.01,44532.32,263789.41,37801.59,2897.07,588210.66,270893.52,859104.21,4582760,7599041,239535800,52.27,211.47,374598,964402,279.82,2022
SNo.,District,Cumulative Expenditure (Rs. in Lakhs),Cumulative Expenditure (Rs. in Lakhs),Cumulative Expenditure (Rs. in Lakhs),Cumulative Expenditure (Rs. in Lakhs),Cumulative Expenditure (Rs. in Lakhs),Cumulative Expenditure (Rs. in Lakhs),Cumulative Expenditure (Rs. in Lakhs),Cumulative Expenditure (Rs. in Lakhs),Cumulative Expenditure (Rs. in Lakhs),Employment Provided,Employment Provided,Employment Provided,Average days of employment provided per HH,Average Wage per personday (In Rs.),Works,Works,Cost Per Personday(in Rs.),2023
SNo.,District,On Unskilled Wage,On Unskilled Wage,On Material,On Material,Adm.Exp,Adm.Exp,Total,Total,Total,Household,Persons,Persondays,Average days of employment provided per HH,Average Wage per personday (In Rs.),comp.,In-prog.,Cost Per Personday(in Rs.),2023
SNo.,District,2023-2024,Paid Liability of previous years,2023-2024,Paid Liability of previous years,2023-2024,Paid Liability of previous years,2023-2024,Paid Liability of previous years,Total,Household,Persons,Persondays,Average days of employment provided per HH,Average Wage per personday (In Rs.),comp.,In-prog.,Cost Per Personday(in Rs.),2023
1,ALLURI SITHARAMA RAJU,37314.83,25.57,10445.45,9156.75,1270.81,165.14,49031.09,9347.47,58378.56,204515,372018,14816011,72.44,252.21,28520,49724,333.02,2023
2,ANAKAPALLI,31743.88,20.57,5191.32,3315.3,946.38,133.01,37881.58,3468.89,41350.47,207266,305986,12252347,59.11,259.22,17481,25712,309.42,2023
3,ANANTAPUR,26113.67,28.89,4590.51,8218.16,1630,291.83,32334.18,8538.87,40873.05,199166,341790,10904317,54.75,239.75,28347,41274,295.6,2023
4,ANNAMAYYA,22633.05,19.01,4561.14,4527.76,1183.96,204.09,28378.15,4750.86,33129.01,161315,243550,9182142,56.92,246.69,43142,36576,309.88,2023
5,BAPATLA,18079.23,28.06,3008.74,2898.75,752,110.26,21839.96,3037.06,24877.03,170269,294832,7361693,43.24,245.7,29137,23203,296.42,2023
6,CHITTOOR,20691.54,17.38,4189.97,5049.91,1300.2,201.99,26181.71,5269.28,31450.99,149229,234534,8171066,54.76,253.24,43661,54792,324.95,2023
7,EAST GODAVARI,11850.47,8.13,2392.37,3326.83,541.24,78.5,14784.08,3413.47,18197.55,100528,137325,5036590,50.1,235.56,21880,17942,294.93,2023
8,ELURU,33368.27,96.75,3982.98,6789.49,1031.23,182.53,38382.48,7068.76,45451.24,267254,442883,13837354,51.78,241.52,35490,32410,280.34,2023
9,GUNTUR,7734.54,9.24,1650.8,1525.35,571.02,91.83,9956.36,1626.42,11582.78,72977,119215,3155683,43.24,245.28,13178,16159,317.7,2023
10,KAKINADA,16863.39,18.31,1876.65,3650.06,897.95,129.94,19638,3798.31,23436.31,156390,225242,6951782,44.45,242.76,18226,21999,283.46,2023
11,KONASEEMA,15028.74,9.14,3237.51,3106.45,776.21,108.45,19042.46,3224.04,22266.5,124252,177542,5635986,45.36,266.74,23057,13588,338.5,2023
12,KRISHNA,19070.25,15.1,2672.22,3988.94,995.45,240.53,22737.92,4244.56,26982.48,151557,262385,7602024,50.16,250.99,37631,34278,300.62,2023
13,KURNOOL,26313.46,21.59,5566.53,4941.86,1300.2,253.74,33180.19,5217.19,38397.38,201378,354296,9925125,49.29,265.36,22262,32212,334.89,2023
14,NANDYAL,18513.31,10.96,3519.76,3460.07,1160.89,173.28,23193.96,3644.3,26838.26,165476,283819,7678569,46.4,241.25,22570,29970,302.39,2023
15,NELLORE,31034.4,33.89,4722.3,10955.4,1409.16,227.26,37165.87,11216.55,48382.42,223684,333831,11973731,53.53,259.38,27800,37456,320.82,2023
16,NTR,20404.78,18.84,1707.16,4797.54,530.48,72.02,22642.42,4888.41,27530.82,150016,255633,8122405,54.14,251.65,23691,17232,279.86,2023
17,PALNADU,20371.26,16.31,2547.03,4727.38,923.36,129.29,23841.66,4872.99,28714.64,198219,340098,8537048,43.07,239.06,14567,17413,280.79,2023
18,PARVATHIPURAM MANYAM,30018.02,14.53,3005.89,4020.89,893.06,140.84,33916.97,4176.26,38093.23,176162,307119,12478350,70.83,240.81,27620,27656,272.95,2023
19,PRAKASAM,34584.79,35.21,6665.72,8587.48,1823.39,340.47,43073.9,8963.17,52037.07,308914,541694,15513340,50.22,223.07,21801,28069,277.67,2023
20,SRI SATHYA SAI,17636.32,21.31,4294.6,4503.33,1239.04,189.3,23169.96,4713.94,27883.89,149273,251913,7834915,52.49,225.36,22864,31469,296.07,2023
21,SRIKAKULAM,54929.24,40.35,5077.89,8352.91,1928.03,383.96,61935.16,8777.21,70712.38,337901,505840,21819126,64.57,252.01,37490,40746,283.97,2023
22,TIRUPATI,29178.24,19.75,2477.49,3972.7,1201.68,157.36,32857.41,4149.82,37007.22,178486,275435,11168125,62.57,260.75,22011,34521,295.39,2023
23,VISAKHAPATANAM,4184.04,2.35,472,415.8,384.28,66.39,5040.32,484.55,5524.87,28204,40278,1672618,59.3,250.38,2802,4330,304.21,2023
24,VIZIANAGARAM,50186.51,50.31,5006.5,7736.58,1600.83,225.35,56793.84,8012.25,64806.09,320640,504482,21898319,68.3,229.43,37487,32754,258.97,2023
25,WEST GODAVARI,9597.76,25,2464.6,2862.99,503.42,76.38,12565.79,2964.37,15530.15,103907,153954,3986621,38.37,240.95,19827,24180,318.24,2023
26,Y.S.R,19657.23,6.14,6683.12,5510.13,1587.33,242.08,27927.68,5758.35,33686.03,147847,237080,7976614,53.95,246.56,28127,32088,348.67,2023
,Total,627101.22,612.69,102010.25,130398.81,28381.6,4615.82,757493.1,135627.35,893120.42,4654825,7542774,255491901,54.89,245.65,670669,757753,297.77,2023
SNo.,District,Cumulative Expenditure (Rs. in Lakhs),Cumulative Expenditure (Rs. in Lakhs),Cumulative Expenditure (Rs. in Lakhs),Cumulative Expenditure (Rs. in Lakhs),Cumulative Expenditure (Rs. in Lakhs),Cumulative Expenditure (Rs. in Lakhs),Cumulative Expenditure (Rs. in Lakhs),Cumulative Expenditure (Rs. in Lakhs),Cumulative Expenditure (Rs. in Lakhs),Employment Provided,Employment Provided,Employment Provided,Average days of employment provided per HH,Average Wage per personday (In Rs.),Works,Works,Cost Per Personday(in Rs.),2024
SNo.,District,On Unskilled Wage,On Unskilled Wage,On Material,On Material,Adm.Exp,Adm.Exp,Total,Total,Total,Household,Persons,Persondays,Average days of employment provided per HH,Average Wage per personday (In Rs.),comp.,In-prog.,Cost Per Personday(in Rs.),2024
SNo.,District,2024-2025,Paid Liability of previous years,2024-2025,Paid Liability of previous years,2024-2025,Paid Liability of previous years,2024-2025,Paid Liability of previous years,Total,Household,Persons,Persondays,Average days of employment provided per HH,Average Wage per personday (In Rs.),comp.,In-prog.,Cost Per Personday(in Rs.),2024
1,ALLURI SITHARAMA RAJU,42354.72,44.9,13420.54,17187.51,1364.79,326.01,57140.05,17558.42,74698.47,215016,387073,16095577,74.86,263.38,20499,48452,361.66,2024
2,ANAKAPALLI,34989.22,13.49,2318.26,4127.93,1135.93,267.61,38443.41,4409.03,42852.44,210239,307559,12467456,59.3,280.87,12497,28615,311.45,2024
3,ANANTAPUR,28611.54,18.05,5404.2,5939.42,1623.18,384,35638.92,6341.47,41980.39,212780,365891,10924603,51.34,263.01,12152,44475,328.32,2024
4,ANNAMAYYA,22819.13,7.58,2275.84,3670.55,1261.01,271.23,26355.97,3949.37,30305.35,153050,231080,8812031,57.58,259.39,18048,35982,303.09,2024
5,BAPATLA,17951.3,4.99,1491.96,2177.67,777.43,183.46,20220.69,2366.12,22586.81,174891,298376,6739547,38.54,267,13134,27774,306.12,2024
6,CHITTOOR,22266.42,11.15,3965.82,4073.75,1373.64,316.35,27605.88,4401.25,32007.13,153840,242445,8577014,55.75,259.93,15161,61952,327.97,2024
7,EAST GODAVARI,13187.48,10.9,1972.45,2784.75,602.64,135.49,15762.57,2931.14,18693.71,100505,133506,5188788,51.63,254.27,10891,18362,305.89,2024
8,ELURU,31187.33,37.75,2819.89,3543.32,1109.34,282.29,35116.55,3863.37,38979.92,259000,422806,12369199,47.76,252.72,10985,35926,288.4,2024
9,GUNTUR,6587.83,2.67,230.1,1630.87,591.15,129.55,7409.08,1763.09,9172.17,68353,109265,2610737,38.19,252.87,5043,15803,287.71,2024
10,KAKINADA,18925.78,8.47,1800.37,2026.46,984.27,226.99,21710.41,2261.91,23972.33,165748,236009,7495430,45.22,252.75,11947,21003,291.07,2024
11,KONASEEMA,16536.92,4.03,1584.55,2581.71,847,174.24,18968.48,2759.98,21728.45,123895,173830,5680201,45.85,291.2,9733,17666,338.13,2024
12,KRISHNA,19949.44,9.26,4425.01,2742.03,1091.7,289.24,25466.14,3040.53,28506.67,148560,255869,7580662,51.03,263.3,26812,29491,339.59,2024
13,KURNOOL,24956.67,11.62,2773.64,4093.01,1456.19,380.08,29186.51,4484.71,33671.22,213850,372671,8804003,41.17,284.75,10924,37025,336.79,2024
14,NANDYAL,18598.21,10.37,2397.07,3754.06,1249.98,269.61,22245.26,4034.04,26279.3,172833,293786,7475117,43.25,249.9,13118,29852,300.73,2024
15,NELLORE,24866.37,15.13,3452.61,4449.28,1301.31,348.91,29620.29,4813.32,34433.61,220711,329023,9956698,45.11,250.58,18085,40598,300.55,2024
16,NTR,19351.99,14.6,1204.61,1945.61,664.1,160.08,21220.7,2120.29,23341,149716,250570,7423552,49.58,261.15,13695,15827,289.39,2024
17,PALNADU,18528.36,4.6,1496.96,2687.31,810.63,209.28,20835.96,2901.18,23737.14,201122,338526,7406421,36.83,251.01,8270,16515,285.6,2024
18,PARVATHIPURAM MANYAM,32228.03,28.94,3853.41,7873.19,1032.63,218.95,37114.07,8121.09,45235.15,179430,309708,12891379,71.85,250.21,13156,30433,297.2,2024
19,PRAKASAM,27329.74,9.72,5013.39,5654.02,1764.63,497.43,34107.76,6161.17,40268.93,296059,507476,12974132,43.82,210.98,11959,28082,266.61,2024
20,SRI SATHYA SAI,23981.86,11.8,5971.05,5655.73,1163.01,279.67,31115.92,5947.2,37063.12,173222,299606,9257142,53.44,260,14236,30907,340.75,2024
21,SRIKAKULAM,51002.12,61.46,4770.1,4849.28,2124.16,504.29,57896.38,5415.03,63311.41,336518,495248,20572973,61.13,248.05,20343,41408,288.16,2024
22,TIRUPATI,26486.76,7.59,1305.4,2641.93,1197.47,315.14,28989.64,2964.66,31954.3,172813,262276,9924291,57.43,267.46,15320,35966,309.87,2024
23,VISAKHAPATANAM,4633.22,3.57,296.89,398.7,366.99,69.01,5297.1,471.27,5768.37,27709,38917,1649172,59.52,281.27,2350,4656,325.32,2024
24,VIZIANAGARAM,40688.77,46.75,2698.05,4597.07,1742.12,357.42,45128.95,5001.23,50130.18,311278,474350,18007038,57.85,226.15,14869,29495,253.73,2024
25,WEST GODAVARI,10111.63,6.38,1648.43,2523.99,588.89,122.51,12348.95,2652.87,15001.83,102806,148259,3771527,36.69,268.46,8457,24571,335.48,2024
26,Y.S.R,19795.54,6.32,2979.32,6381.45,1737.9,373.96,24512.76,6761.72,31274.48,149872,239060,7627382,50.89,260.43,11888,31049,326.87,2024
,Total,617926.38,412.09,81569.92,109990.6,29962.09,7092.8,729458.4,117495.46,846953.88,4693816,7523185,242282072,51.62,255.52,343572,781885,306.26,2024
SNo.,District,Cumulative Expenditure (Rs. in Lakhs),Cumulative Expenditure (Rs. in Lakhs),Cumulative Expenditure (Rs. in Lakhs),Cumulative Expenditure (Rs. in Lakhs),Cumulative Expenditure (Rs. in Lakhs),Cumulative Expenditure (Rs. in Lakhs),Cumulative Expenditure (Rs. in Lakhs),Cumulative Expenditure (Rs. in Lakhs),Cumulative Expenditure (Rs. in Lakhs),Employment Provided,Employment Provided,Employment Provided,Average days of employment provided per HH,Average Wage per personday (In Rs.),Works,Works,Cost Per Personday(in Rs.),2025
SNo.,District,On Unskilled Wage,On Unskilled Wage,On Material,On Material,Adm.Exp,Adm.Exp,Total,Total,Total,Household,Persons,Persondays,Average days of employment provided per HH,Average Wage per personday (In Rs.),comp.,In-prog.,Cost Per Personday(in Rs.),2025
SNo.,District,2025-2026,Paid Liability of previous years,2025-2026,Paid Liability of previous years,2025-2026,Paid Liability of previous years,2025-2026,Paid Liability of previous years,Total,Household,Persons,Persondays,Average days of employment provided per HH,Average Wage per personday (In Rs.),comp.,In-prog.,Cost Per Personday(in Rs.),2025
1,ALLURI SITHARAMA RAJU,27136.58,21.37,5105.23,7992.87,837.59,122.87,33079.4,8137.11,41216.51,146370,272063,9428705,64.42,294.26,7234,67952,792.82,2025
2,ANAKAPALLI,29648.85,23.48,1571.52,9027.76,1093.71,141.08,32314.08,9192.32,41506.4,200496,286474,10483879,52.29,284.86,9585,25773,451.26,2025
3,ANANTAPUR,24373.12,78.1,3298.76,8961.75,2073.92,236.26,29745.8,9276.11,39021.91,182775,313020,8683858,47.51,283.02,24906,25154,529.2,2025
4,ANNAMAYYA,16655.68,31.77,2216.82,5262.54,1078.37,161.94,19950.87,5456.25,25407.12,132945,198497,6088497,45.8,274.92,23253,19368,458.71,2025
5,BAPATLA,14961.86,31.76,842.35,5481.92,828.04,109.8,16632.25,5623.48,22255.73,167719,285846,5478200,32.66,274.39,19435,14775,555.72,2025
6,CHITTOOR,14263.17,13.68,2035.71,6646.17,1609.03,193.34,17907.91,6853.2,24761.11,115881,175412,5285328,45.61,271.92,44643,26846,591.25,2025
7,EAST GODAVARI,19108.91,7.77,1312.11,8283.84,1213.96,125.9,21634.98,8417.52,30052.5,150432,214321,6867046,45.65,280.22,15006,26852,503.52,2025
8,ELURU,27764.3,61.66,1663.76,8424.14,936.11,163.95,30364.18,8649.75,39013.93,240459,386864,10013861,41.64,279.42,18423,23098,517.64,2025
9,GUNTUR,4728.23,10.93,701.74,1553.66,710.06,68.71,6140.03,1633.3,7773.33,59514,94692,1866702,31.37,255.9,6871,11290,469.75,2025
10,KAKINADA,15315.58,8.86,3580.99,8707.59,785.82,128.35,19682.39,8844.8,28527.18,149063,206746,5506880,36.94,280.34,10335,14230,570.27,2025
11,KONASEEMA,14586.23,3.01,921.8,6964.04,755.9,96.99,16263.93,7064.05,23327.98,118273,163714,4901054,41.44,297.63,9209,11509,510.18,2025
12,KRISHNA,16501.43,8.82,1011.46,8188.1,1312.87,142.34,18825.76,8339.26,27165.02,141701,242232,5966549,42.11,277.09,21045,14327,480,2025
13,KURNOOL,17307.21,78.91,1336.65,6729.96,1659.69,190.28,20303.55,6999.15,27302.71,185835,319972,6488284,34.91,270.55,18589,22031,462.36,2025
14,Markapuram,0,0,0,0,0,0,0,0,0,0,0,0,0,0,0,0,0,2025
15,NANDYAL,16124.44,65.21,1510.61,6443.99,1129.87,154,18764.92,6663.21,25428.13,161963,269766,6138147,37.9,264.56,13199,19405,470.63,2025
16,NELLORE,18892.32,48.73,2328.15,8835.75,1532.61,206.82,22753.08,9091.3,31844.38,190263,278541,7856094,41.29,243.2,18862,28131,459.45,2025
17,NTR,11617.08,24.08,934.24,7288.11,602.53,116.79,13153.85,7428.97,20582.82,127672,206822,3974018,31.13,295.16,10065,9569,503.03,2025
18,PALNADU,17563.31,32.23,3323.12,7576.14,914.85,130.33,21801.28,7738.69,29539.97,198629,335003,6394738,32.19,279.67,4232,15468,494.49,2025
19,PARVATHIPURAM MANYAM,25080.56,22.65,2260.17,8023.89,967.54,125.94,28308.27,8172.48,36480.75,175401,295265,9772961,55.72,258.45,16901,25109,434.18,2025
20,Polavaram,0,0,0,0,0,0,0,0,0,0,0,0,0,0,0,0,0,2025
21,PRAKASAM,26982.75,29.67,3315.06,11830.07,2124.32,294.4,32422.14,12154.14,44576.28,292208,503960,10763546,36.84,251.2,7730,24043,447.81,2025
22,SRI SATHYA SAI,18130.19,45.93,2431.3,9625.48,1193.99,153.62,21755.48,9825.03,31580.51,140466,242579,6568318,46.76,280.53,13880,22776,494.31,2025
23,SRIKAKULAM,35153.02,36.25,2913.65,18848.28,2430.86,295.4,40497.53,19179.93,59677.46,320407,455144,15062824,47.01,233.67,25725,28490,416.41,2025
24,TIRUPATI,20611.68,48.49,1563.13,10553.31,1069.58,164.95,23244.39,10766.74,34011.13,144432,210988,7346405,50.86,281.54,23192,19611,488.32,2025
25,VISAKHAPATANAM,4128.04,4.88,127.66,1501.56,395.36,45.02,4651.06,1551.46,6202.51,26041,35759,1486515,57.08,278.15,2475,3058,492.15,2025
26,VIZIANAGARAM,31004.5,30.06,2418.71,11029.16,1961.01,197.92,35384.22,11257.15,46641.37,285958,418392,13797021,48.25,225.07,12534,20404,365.87,2025
27,WEST GODAVARI,9148.46,8.34,798.14,2816.22,738.27,90.36,10684.87,2914.92,13599.79,94485,133846,3251629,34.41,282.12,15110,12763,495.71,2025
28,Y.S.R,17629.75,61.58,1361.44,7244.83,1965.37,270.99,20956.56,7577.4,28533.96,137724,217504,6499604,47.19,272.7,16519,18041,564.45,2025
,Total,494417.25,838.22,50884.28,203841.13,31921.23,4128.35,577222.78,208807.72,786030.49,4287112,6763422,185970663,43.38,267.83,408958,550073,492.96,2025
